,accuracy,precision,recall,f1,roc_auc,cv_auc_mean,cv_auc_std
Logistic Regression,0.6820833333333334,0.3688340807174888,0.6219281663516069,0.4630541871921182,0.720263215590866,0.7289973668443652,0.013778327175193927
Random Forest,0.7904166666666667,0.5264227642276422,0.4896030245746692,0.5073457394711067,0.7620299487046847,0.7654123368885128,0.01422335536999963
XGBoost,0.6225,0.34038950042337,0.7599243856332704,0.47017543859649125,0.7489055416520588,0.7431927150089888,0.01427694206932996
